{"loss": [1.3796920776367188, 0.46652722358703613, 0.2760623097419739, 0.18710389733314514, 0.14015653729438782, 0.11307182908058167, 0.08818504214286804, 0.07325893640518188, 0.06504229456186295, 0.060032475739717484],
 "accuracy": [0.5937122106552124, 0.853062093257904, 0.9100931882858276, 0.9385020136833191, 0.9537236094474792, 0.9623444080352783, 0.9709225296974182, 0.9762002825737, 0.978775143623352, 0.9812219738960266], "val_loss": [0.4904891848564148, 0.29925084114074707, 0.2304466813802719, 0.18987828493118286, 0.15695522725582123, 0.1702546775341034, 0.1451001912355423, 0.1692117154598236, 0.2550990879535675, 0.10585465282201767], "val_accuracy": [0.843159556388855, 0.9031413793563843, 0.925165057182312, 0.937571108341217, 0.9480992555618286, 0.9466765522956848, 0.9548144936561584, 0.9488959908485413, 0.9321079254150391, 0.9685863852500916]}